시리즈키	학년-학기	판	주소
ssen-mid	m1-s1	2026년판	https://www.yes24.com/product/goods/161362446
ssen-mid	m1-s2	2026년판	https://www.yes24.com/product/goods/145575803
ssen-mid	m2-s1	2026년판	https://www.yes24.com/product/goods/153914550
ssen-mid	m2-s2	2026년판	https://www.yes24.com/product/goods/172734767
ssen-mid	m3-s1	2026년판	https://www.yes24.com/product/goods/122972159
ssen-mid	m3-s2	2026년판	https://www.yes24.com/product/goods/126414647
ssen-high	h1-s1	2026년판	https://www.yes24.com/product/goods/143336245
ssen-high	h1-s2	2026년판	https://www.yes24.com/product/goods/177284738
rpm-mid	m1-s1	2026년판	https://www.yes24.com/product/goods/122494286
rpm-mid	m1-s2	2026년판	https://www.yes24.com/product/goods/125105657
rpm-mid	m2-s1	2026년판	https://www.yes24.com/product/goods/128928465
rpm-mid	m2-s2	2026년판	https://www.yes24.com/product/goods/142333494
rpm-mid	m3-s1	2026년판	https://www.yes24.com/product/goods/113812073
rpm-mid	m3-s2	2026년판	https://www.yes24.com/product/goods/108737127
rpm-high	h1-s1	2026년판	https://www.yes24.com/product/goods/122957065
rpm-high	h1-s2	2026년판	https://www.yes24.com/product/goods/124587325
gnw-mid	m1-s1	2026년판	https://www.yes24.com/product/goods/121827017
gnw-mid	m1-s2	2026년판	https://www.yes24.com/product/goods/124412954
gnw-mid	m2-s1	2026년판	https://www.yes24.com/product/goods/126540504
gnw-mid	m2-s2	2026년판	https://www.yes24.com/product/goods/138748147
gnw-mid	m3-s1	2026년판	https://www.yes24.com/product/goods/113811696
gnw-mid	m3-s2	2026년판	https://www.yes24.com/product/goods/108737115
gnw-high	h1-s2	2026년판	https://www.yes24.com/product/goods/123759748
didim-basic	e3-s1	2026년판	https://www.yes24.com/product/goods/152353824
didim-basic	e3-s2	2026년판	https://www.yes24.com/product/goods/174321229
didim-basic	e4-s1	2026년판	https://www.yes24.com/product/goods/152353932
didim-basic	e4-s2	2026년판	https://www.yes24.com/product/goods/174321338
didim-basic	e5-s1	2026년판	https://www.yes24.com/product/goods/152354045
didim-basic	e5-s2	2026년판	https://www.yes24.com/product/goods/177742572
didim-basic	e6-s1	2026년판	https://www.yes24.com/product/goods/152354172
didim-basic	e6-s2	2026년판	https://www.yes24.com/product/goods/177743280
choisangwi	e3-s1	2026년판	https://www.yes24.com/product/goods/134872703
choisangwi	e3-s2	2026년판	https://www.yes24.com/product/goods/144444847
choisangwi	e4-s1	2026년판	https://www.yes24.com/product/goods/134872736
choisangwi	e4-s2	2026년판	https://www.yes24.com/product/goods/144444920
choisangwi	e5-s1	2026년판	https://www.yes24.com/product/goods/154821859
choisangwi	e5-s2	2026년판	https://www.yes24.com/product/goods/182708065
checkcheck	m1-s1	2026년판	https://www.yes24.com/product/goods/126540298
checkcheck	m1-s2	2026년판	https://www.yes24.com/product/goods/141399589
checkcheck	m2-s1	2026년판	https://www.yes24.com/product/goods/148031883
checkcheck	m2-s2	2026년판	https://www.yes24.com/product/goods/161440419
checkcheck	m3-s1	2026년판	https://www.yes24.com/product/goods/133338333
ilpum	m1-s1	2026년판	https://www.yes24.com/product/goods/145056498
ilpum	m1-s2	2026년판	https://www.yes24.com/product/goods/140472999
ilpum	m2-s1	2026년판	https://www.yes24.com/product/goods/143648126
ilpum	m2-s2	2026년판	https://www.yes24.com/product/goods/153641657
ilpum	m3-s1	2026년판	https://www.yes24.com/product/goods/125028562
ilpum	m3-s2	2026년판	https://www.yes24.com/product/goods/123387613
baekbal	m1-s1	2026년판	https://www.yes24.com/product/goods/135146798
baekbal	m1-s2	2026년판	https://www.yes24.com/product/goods/135146918
baekbal	m2-s1	2026년판	https://www.yes24.com/product/goods/159178413
baekbal	m2-s2	2026년판	https://www.yes24.com/product/goods/169227563
baekbal	m3-s1	2026년판	https://www.yes24.com/product/goods/135146880
baekbal	m3-s2	2026년판	https://www.yes24.com/product/goods/135146974
mapl	h1-s1	2026년판	https://www.yes24.com/product/goods/133710255
mapl	h1-s2	2026년판	https://www.yes24.com/product/goods/137429833
didim-principle	e3-s1	2026년판	https://www.yes24.com/product/goods/153740363
didim-principle	e3-s2	2026년판	https://www.yes24.com/product/goods/182413904
didim-principle	e4-s1	2026년판	https://www.yes24.com/product/goods/153740540
didim-principle	e4-s2	2026년판	https://www.yes24.com/product/goods/182414199
didim-principle	e5-s1	2026년판	https://www.yes24.com/product/goods/153740811
didim-principle	e5-s2	2026년판	https://www.yes24.com/product/goods/182414498
didim-principle	e6-s1	2026년판	https://www.yes24.com/product/goods/153740956
didim-principle	e6-s2	2026년판	https://www.yes24.com/product/goods/182414699
didim-applied	e3-s1	2026년판	https://www.yes24.com/product/goods/153910921
didim-applied	e3-s2	2026년판	https://www.yes24.com/product/goods/174321539
didim-applied	e4-s1	2026년판	https://www.yes24.com/product/goods/153910997
didim-applied	e4-s2	2026년판	https://www.yes24.com/product/goods/174321546
didim-applied	e5-s1	2026년판	https://www.yes24.com/product/goods/153911045
didim-applied	e5-s2	2026년판	https://www.yes24.com/product/goods/182416354
didim-applied	e6-s1	2026년판	https://www.yes24.com/product/goods/153911098
didim-applied	e6-s2	2026년판	https://www.yes24.com/product/goods/182416552
woodeungsaeng	e3-s1	2026년판	https://www.yes24.com/product/goods/152001536
woodeungsaeng	e3-s2	2026년판	https://www.yes24.com/product/goods/183809581
woodeungsaeng	e4-s1	2026년판	https://www.yes24.com/product/goods/152001641
woodeungsaeng	e4-s2	2026년판	https://www.yes24.com/product/goods/183809598
woodeungsaeng	e5-s1	2026년판	https://www.yes24.com/product/goods/153911518
woodeungsaeng	e5-s2	2026년판	https://www.yes24.com/product/goods/183809700
woodeungsaeng	e6-s1	2026년판	https://www.yes24.com/product/goods/153911454
woodeungsaeng	e6-s2	2026년판	https://www.yes24.com/product/goods/183809721
manjeomwang	e3-s1	2026년판	https://www.yes24.com/product/goods/160215000
manjeomwang	e3-s2	2026년판	https://www.yes24.com/product/goods/189401279
manjeomwang	e4-s1	2026년판	https://www.yes24.com/product/goods/160215736
manjeomwang	e4-s2	2026년판	https://www.yes24.com/product/goods/189401281
manjeomwang	e5-s1	2026년판	https://www.yes24.com/product/goods/169402309
manjeomwang	e5-s2	2026년판	https://www.yes24.com/product/goods/192555247
manjeomwang	e6-s1	2026년판	https://www.yes24.com/product/goods/169403822
manjeomwang	e6-s2	2026년판	https://www.yes24.com/product/goods/192555251
gaenyeom-light-elem	e3-s1	2026년	https://www.yes24.com/product/goods/148037307
gaenyeom-light-elem	e3-s2	2026년	https://www.yes24.com/product/goods/172574659
gaenyeom-light-elem	e4-s1	2026년	https://www.yes24.com/product/goods/148037983
gaenyeom-light-elem	e4-s2	2026년	https://www.yes24.com/product/goods/172574980
gaenyeom-light-elem	e5-s1	2026년	https://www.yes24.com/product/goods/148038097
gaenyeom-light-elem	e5-s2	2026년	https://www.yes24.com/product/goods/173733807
gaenyeom-light-elem	e6-s1	2026년	https://www.yes24.com/product/goods/148038153
gaenyeom-light-elem	e6-s2	2026년	https://www.yes24.com/product/goods/174192774
cube-concept	e3-s1	2026년용	https://www.yes24.com/product/goods/129600821
cube-concept	e3-s2	2026년용	https://www.yes24.com/product/goods/139582284
cube-concept	e4-s1	2026년용	https://www.yes24.com/product/goods/129601516
cube-concept	e4-s2	2026년용	https://www.yes24.com/product/goods/139582314
cube-concept	e5-s1	2026년	https://www.yes24.com/product/goods/148368848
cube-concept	e5-s2	2026년	https://www.yes24.com/product/goods/167476263
cube-concept	e6-s1	2026년	https://www.yes24.com/product/goods/148368852
cube-concept	e6-s2	2026년	https://www.yes24.com/product/goods/167476332
choisangwi-s	e3-s1	2026년용	https://www.yes24.com/product/goods/133871344
choisangwi-s	e3-s2	2026년용	https://www.yes24.com/product/goods/143896566
choisangwi-s	e4-s1	2026년용	https://www.yes24.com/product/goods/133871422
choisangwi-s	e4-s2	2026년용	https://www.yes24.com/product/goods/143896674
choisangwi-s	e5-s1	2026년	https://www.yes24.com/product/goods/155511249
choisangwi-s	e5-s2	2026년	https://www.yes24.com/product/goods/183546386
choisangwi-s	e6-s1	2026년	https://www.yes24.com/product/goods/155511528
choisangwi-s	e6-s2	2026년	https://www.yes24.com/product/goods/183546403
suryeok	h1-s1	2026년용	https://www.yes24.com/product/goods/127045367
suryeok	h1-s2	2026년용	https://www.yes24.com/product/goods/135228117
gaenyeom-high	h1-s1	2026년용	https://www.yes24.com/product/goods/123054441
gaenyeom-high	h1-s2	2026년용	https://www.yes24.com/product/goods/123054465
gojaengi	h1-s1	2026년용	https://www.yes24.com/product/goods/126665053
gojaengi	h1-s2	2026년용	https://www.yes24.com/product/goods/134873501
ilpum-high	h1-s1	2026년용	https://www.yes24.com/product/goods/143336283
ilpum-high	h1-s2	2026년용	https://www.yes24.com/product/goods/140473815
lightssen-high	h1-s1	2026년용	https://www.yes24.com/product/goods/148696724
lightssen-high	h1-s2	2026년용	https://www.yes24.com/product/goods/148751918
jeongseok-basic	h1-s1	2026년판	https://www.yes24.com/product/goods/124862915
jeongseok-basic	h1-s2	2026년판	https://www.yes24.com/product/goods/126398828
jeongseok-advanced	h1-s1	2026년판	https://www.yes24.com/product/goods/124862907
jeongseok-advanced	h1-s2	2026년판	https://www.yes24.com/product/goods/126398820
mapl-synergy	h1-s1	2026년판	https://www.yes24.com/product/goods/128221087
mapl-synergy	h1-s2	2026년판	https://www.yes24.com/product/goods/140398465
jeoldae	h1-s1	2026년판	https://www.yes24.com/product/goods/123815212
jeoldae	h1-s2	2026년판	https://www.yes24.com/product/goods/124009476
bible	h1-s1	2026년판	https://www.yes24.com/product/goods/122543603
bible	h1-s2	2026년판	https://www.yes24.com/product/goods/122543827
blacklabel-mid	m1-s1	2026년판	https://www.yes24.com/product/goods/129979202
blacklabel-mid	m1-s2	2026년판	https://www.yes24.com/product/goods/143605394
blacklabel-mid	m2-s1	2026년판	https://www.yes24.com/product/goods/154095130
blacklabel-mid	m2-s2	2026년판	https://www.yes24.com/product/goods/183214734
blacklabel-mid	m3-s1	2026년판	https://www.yes24.com/product/goods/73270709
blacklabel-mid	m3-s2	2026년판	https://www.yes24.com/product/goods/80097249
blacklabel-high	h1-s1	2026년판	https://www.yes24.com/product/goods/132968066
blacklabel-high	h1-s2	2026년판	https://www.yes24.com/product/goods/143800644
xistory-high	h1-s1	2026년판	https://www.yes24.com/product/goods/166852141
xistory-high	h1-s2	2026년판	https://www.yes24.com/product/goods/164737751
xistory-mid	m1-s1	2026년판	https://www.yes24.com/product/goods/127985410
xistory-mid	m1-s2	2026년판	https://www.yes24.com/product/goods/134638680
xistory-mid	m2-s1	2026년판	https://www.yes24.com/product/goods/148490992
xistory-mid	m2-s2	2026년판	https://www.yes24.com/product/goods/159568734
xistory-mid	m3-s1	2026년판	https://www.yes24.com/product/goods/77986035
xistory-mid	m3-s2	2026년판	https://www.yes24.com/product/goods/78593109
didim-basic	e1-s1	2026년판	https://www.yes24.com/product/goods/152353596
didim-basic	e1-s2	2026년판	https://www.yes24.com/product/goods/174320861
didim-basic	e2-s1	2026년판	https://www.yes24.com/product/goods/152353736
didim-basic	e2-s2	2026년판	https://www.yes24.com/product/goods/174321065
didim-principle	e1-s1	2026년판	https://www.yes24.com/product/goods/153739696
didim-principle	e1-s2	2026년판	https://www.yes24.com/product/goods/182412887
didim-principle	e2-s1	2026년판	https://www.yes24.com/product/goods/153740208
didim-principle	e2-s2	2026년판	https://www.yes24.com/product/goods/182413657
didim-basic-applied	e1-s1	2026년판	https://www.yes24.com/product/goods/151758340
didim-basic-applied	e1-s2	2026년판	https://www.yes24.com/product/goods/174192340
didim-basic-applied	e2-s1	2026년판	https://www.yes24.com/product/goods/151758579
didim-basic-applied	e2-s2	2026년판	https://www.yes24.com/product/goods/174192352
manjeomwang	e1-s1	2026년판	https://www.yes24.com/product/goods/160213246
manjeomwang	e1-s2	2026년판	https://www.yes24.com/product/goods/189401182
manjeomwang	e2-s1	2026년판	https://www.yes24.com/product/goods/160214021
manjeomwang	e2-s2	2026년판	https://www.yes24.com/product/goods/189401185
cube-concept	e1-s1	2026년판	https://www.yes24.com/product/goods/123762454
cube-concept	e1-s2	2026년판	https://www.yes24.com/product/goods/125607274
cube-concept	e2-s1	2026년판	https://www.yes24.com/product/goods/123761065
cube-concept	e2-s2	2026년판	https://www.yes24.com/product/goods/125607328
gaenyeom-basic-elem	e1-s1	2026년판	https://www.yes24.com/product/goods/148036124
gaenyeom-basic-elem	e1-s2	2026년판	https://www.yes24.com/product/goods/172574215
gaenyeom-basic-elem	e2-s1	2026년판	https://www.yes24.com/product/goods/148036478
gaenyeom-basic-elem	e2-s2	2026년판	https://www.yes24.com/product/goods/172574536
woodeungsaeng	e1-s1	2026년판	https://www.yes24.com/product/goods/152001277
woodeungsaeng	e1-s2	2026년판	https://www.yes24.com/product/goods/183809540
woodeungsaeng	e2-s1	2026년판	https://www.yes24.com/product/goods/152001416
woodeungsaeng	e2-s2	2026년판	https://www.yes24.com/product/goods/183809554
choisangwi	e1-s1	2026년판	https://www.yes24.com/product/goods/122946859
choisangwi	e1-s2	2026년판	https://www.yes24.com/product/goods/125770613
choisangwi	e2-s1	2026년판	https://www.yes24.com/product/goods/122947113
choisangwi	e2-s2	2026년판	https://www.yes24.com/product/goods/125770656
choisangwi-s	e1-s1	2026년판	https://www.yes24.com/product/goods/123239993
choisangwi-s	e1-s2	2026년판	https://www.yes24.com/product/goods/125677727
choisangwi-s	e2-s1	2026년판	https://www.yes24.com/product/goods/123240023
choisangwi-s	e2-s2	2026년판	https://www.yes24.com/product/goods/125677762
choigosujun	e1-s1	2027년판	https://www.yes24.com/product/goods/123875592
choigosujun	e1-s2	2026년판	https://www.yes24.com/product/goods/126288034
choigosujun	e2-s1	2027년판	https://www.yes24.com/product/goods/123875781
choigosujun	e2-s2	2026년판	https://www.yes24.com/product/goods/126288107
choigosujun	e3-s1	2027년판	https://www.yes24.com/product/goods/135444822
choigosujun	e3-s2	2026년판	https://www.yes24.com/product/goods/144414108
choigosujun	e4-s1	2027년판	https://www.yes24.com/product/goods/135444850
choigosujun	e4-s2	2026년판	https://www.yes24.com/product/goods/144414177
choigosujun	e5-s1	2027년판	https://www.yes24.com/product/goods/155309249
choigosujun	e5-s2	2026년판	https://www.yes24.com/product/goods/186939490
choigosujun	e6-s1	2027년판	https://www.yes24.com/product/goods/155309999
choigosujun	e6-s2	2026년판	https://www.yes24.com/product/goods/186939563
choigosujun-s	e1-s1	2027년판	https://www.yes24.com/product/goods/135450797
choigosujun-s	e1-s2	2026년판	https://www.yes24.com/product/goods/145715941
choigosujun-s	e2-s1	2027년판	https://www.yes24.com/product/goods/135450998
choigosujun-s	e2-s2	2026년판	https://www.yes24.com/product/goods/145716780
choigosujun-s	e3-s1	2027년판	https://www.yes24.com/product/goods/135451548
choigosujun-s	e3-s2	2026년판	https://www.yes24.com/product/goods/145717382
choigosujun-s	e4-s1	2027년판	https://www.yes24.com/product/goods/135451952
choigosujun-s	e4-s2	2026년판	https://www.yes24.com/product/goods/145717603
choigosujun-s	e5-s1	2027년판	https://www.yes24.com/product/goods/159176991
choigosujun-s	e5-s2	2026년판	https://www.yes24.com/product/goods/186939593
choigosujun-s	e6-s1	2027년판	https://www.yes24.com/product/goods/159177034
choigosujun-s	e6-s2	2026년판	https://www.yes24.com/product/goods/186939611
checkcheck	m3-s2	2026년판	https://www.yes24.com/product/goods/145137321
choisangwi	e6-s1	2026년판	https://www.yes24.com/product/goods/154821882
choisangwi	e6-s2	2026년판	https://www.yes24.com/product/goods/182708066
